<?xml version="1.0" encoding="UTF-8"?>
<metadata xml:lang="en"><Esri><CreaDate>20190715</CreaDate><CreaTime>14451000</CreaTime><ArcGISFormat>1.0</ArcGISFormat><SyncOnce>TRUE</SyncOnce><DataProperties><lineage><Process ToolSource="c:\program files (x86)\arcgis\desktop10.5\ArcToolbox\Toolboxes\Data Management Tools.tbx\GeneratePointsAlongLines" Date="20190715" Time="142428">GeneratePointsAlongLines croz_outer_bound Z:\Informatics\S031\analyses\aschmidt\subcol_var\GIS\croz\layers\croz_outer_bound_points.shp DISTANCE "5 Meters" # END_POINTS</Process></lineage><itemProps><itemLocation><linkage Sync="TRUE">file://\\prbo.org\data\divisions\Informatics\S031\analyses\aschmidt\subcol_var\GIS\croz\layers\croz_geofence\croz_outer_bound_points</linkage><protocol Sync="TRUE">Local Area Network</protocol></itemLocation></itemProps><copyHistory><copy source="Z:\Informatics\S031\analyses\aschmidt\subcol_var\GIS\croz\layers\croz_outer_bound_points" dest="\\prbo.org\data\divisions\Informatics\S031\analyses\aschmidt\subcol_var\GIS\croz\layers\croz_geofence\croz_outer_bound_points" date="20190715" time="14451000"></copy></copyHistory></DataProperties></Esri></metadata>
